<?xml version="1.0"?>

<!--

 Build file for the JAIN SLEE TCK extension classes, including
 SLEE management tools

 Note: This file must be run from the root directory of the sleetck module, ie sleetck/

 This build file can build the following:
   - the SLEE management tools
   - the interview checksum tool
   - the JAIN SLEE TCK Test Lister tool

 To run this file, use Ant 1.5.1 or higher.
 (Available from http://jakarta.apache.org/ant/)

 -->

<project name="JAIN SLEE TCK" default="all" basedir=".">

   <!-- PATHS -->

   <property name="classes" value="classes/tcktools"/>
   <property name="jars" value="jars"/>
   <property name="tck.source" value="src/tck"/>
   <property name="lib" value="lib"/>

   <!-- OUTPUT JARS -->

   <property name="tcktools.package" value="tcktools.jar"/>

  <!-- CLASSPATH -->

   <path id="project.class.path">
      <pathelement location="${classes}"/>
   </path>

   <!-- CLEANERS -->

   <target name="clean">
      <delete dir="${classes}" quiet="true"/>
   </target>

   <!-- TASKS TO ENSURE BUILD DIRECTORIES -->

   <target name="ensure-classes-dir">
      <mkdir dir="${classes}"/>
   </target>

   <target name="ensure-jars-dir">
      <mkdir dir="${jars}"/>
   </target>

   <!-- TASK TO FIND LIBRARY DIRECTORY -->
  <target name="find-libs">
    <available file="./lib" type="dir" property="libs" value="./lib"/>

    <!-- LIBRARIES USED FOR COMPILATION -->

    <property name="slee.library" value="${libs}/slee.jar"/>
    <property name="javatest.library" value="${libs}/javatest.jar"/>
    <property name="jmx.library" value="${libs}/jmxri.jar"/>
  </target>

   <!-- SLEE MANAGEMENT -->

   <target name="compile-slee-management" depends="ensure-classes-dir,find-libs">
    <javac srcdir="${tck.source}" destdir="${classes}">
         <classpath>
            <path refid="project.class.path"/>
            <pathelement location="${slee.library}"/>
            <pathelement location="${jmx.library}"/>
            <pathelement location="${javatest.library}"/>
         </classpath>
         <include name="com/opencloud/sleetck/ext/sleemanagement/**/*.java"/>
      </javac>
   </target>

   <!-- SETUP TCK CONFIG TOOL -->
   <target name="compile-setup-tck-config-tool" depends="ensure-classes-dir,find-libs">
          <javac srcdir="${tck.source}" destdir="${classes}">
             <classpath>
                <path refid="project.class.path"/>
                <pathelement location="${slee.library}"/>
                <pathelement location="${javatest.library}"/>
             </classpath>
             <include name="com/opencloud/sleetck/ext/SetupTCKConfig.java"/>
          </javac>
   </target>

   <!-- INTERVIEW CHECKSUM TOOL -->
   <target name="compile-interview-checksum-tool" depends="ensure-classes-dir,find-libs">
      <javac srcdir="${tck.source}" destdir="${classes}">
         <classpath>
            <path refid="project.class.path"/>
            <pathelement location="${slee.library}"/>
            <pathelement location="${javatest.library}"/>
         </classpath>
         <include name="com/opencloud/sleetck/ext/InterviewChecksumTool.java"/>
      </javac>
   </target>

   <!-- SLEE TCK TEST LISTER TOOL -->
   <target name="compile-sleetck-test-lister-tool" depends="ensure-classes-dir,find-libs">
      <javac srcdir="${tck.source}" destdir="${classes}">
         <classpath>
            <path refid="project.class.path"/>
            <pathelement location="${slee.library}"/>
            <pathelement location="${javatest.library}"/>
         </classpath>
         <include name="com/opencloud/sleetck/ext/SleeTCKTestLister.java"/>
      </javac>
   </target>

   <!-- ASSEMBLE TOOLS -->
   <target name="assemble-tools" depends="ensure-jars-dir">
      <delete  file="${jars}/${tcktools.package}" quiet="true"/>
      <jar destfile="${jars}/${tcktools.package}">
         <fileset dir="${classes}"
                includes="com/opencloud/sleetck/ext/**/*.class"/>
      </jar>
   </target>

   <!-- BUILD ALL TOOLS -->
   <target name="all" depends="compile-slee-management, compile-interview-checksum-tool,compile-setup-tck-config-tool,
      compile-sleetck-test-lister-tool,assemble-tools"/>

</project>
