<?xml version="1.0" encoding="UTF-8"?>

<sip-app>
	<app-name>org.mobicents.servlet.sip.example.SimpleSipServlet</app-name>
	<display-name>Simple Sip Servlet</display-name>
	<description>Simple Sip Servlet</description>
	
	<main-servlet>
		SimpleSipServlet
	</main-servlet>

	<servlet>
		<servlet-name>SimpleSipServlet</servlet-name>
		<display-name>SimpleSipServlet</display-name>
		<description>Simple SIP servlet</description>
		<servlet-class>
			org.mobicents.servlet.sip.example.SimpleSipServlet
		</servlet-class>
		<load-on-startup>1</load-on-startup>
	</servlet>
</sip-app>